{
  "obs": {
    "Z_abs": 26.65673973715605,
    "xT_real": -2.033000243404237e-06,
    "xT_imag": 8.118969832898593e-07,
    "xT_abs": 2.1891246426726964e-06
  },
  "cfg": {
    "n_paths": 2000,
    "n_steps": 200,
    "t_final_s": 1e-12,
    "hbar": 1.054571817e-34,
    "mass": 9.10938356e-31,
    "x0": 0.0,
    "seed": 0
  }
}