{
  "figure": "Fig_2f",
  "n": 26,
  "pt_unbroken_count": 26,
  "pt_unbroken_fraction": 1.0,
  "Vcl_used": 0.15979067349594156,
  "eta_residual_median": 1.661018011843149e-11,
  "eta_cond_median": 1.0018356891042026
}