{
  "python": "3.11.2",
  "platform": "Linux-4.4.0-x86_64-with-glibc2.36",
  "db_path": "data_pipeline/user_scripts/double_slit.sqlite3",
  "phase5_status_json": {
    "baseline_settings": {
      "alpha_inv_s": 500000000000000.0,
      "band_THz": 10.0,
      "beta_inv_s": 2500000000000.0,
      "carrier_THz": 230.2,
      "dt_fs": 0.2,
      "probe_fwhm_field_fs": 794.0,
      "t_window_fs": 6000.0
    },
    "cat_improves_or_ties_visibility": true,
    "constraints_ok": true,
    "gate_pass": true,
    "lambda_ent_best_inv_s": 370370370370.3703,
    "lambda_ent_ceiling_inv_s": 4999999999999999.0,
    "lambda_ent_fit_loss": 5.234601950477129e-28,
    "phase_fit_loss": 0.0009753409478784317,
    "phase_params": {
      "phi0": 0.15161166150374178,
      "phi1_rad_per_s": 554116204018.1422,
      "phi2_rad_per_s2": 7.498852977471242e+23
    },
    "pt_diagnostics": {
      "S_cal_fs": 499.999999999924,
      "S_cal_target_fs": 500.0,
      "Vcl_used": 0.15979067349594156,
      "asym_MAE_test_k": 4.86493300176985e-06,
      "asym_MAE_test_k1": 4.876868318715265e-06,
      "eta_cond_median": 1.0018356890754807,
      "eta_residual_median": 1.6610177318132093e-11,
      "figure": "Fig_2f",
      "improvement": 1.1935316945414595e-08,
      "k_calibrated": 1.0000001685893696,
      "n_test": 24,
      "n_total": 26,
      "pt_unbroken_fraction": 1.0
    },
    "pt_gate": {
      "enabled": true,
      "eta_cond_median_max": 100000000.0,
      "eta_residual_median_max": 1e-06,
      "pt_gate_pass": true,
      "pt_unbroken_fraction_min": 0.9
    },
    "test_count": 19,
    "test_mae": {
      "asymmetry": {
        "cat": 0.18576013080024253,
        "n": 20,
        "standard": 0.17955439149277597
      },
      "period_THz": {
        "cat": 0.08037134057713047,
        "n": 20,
        "standard": 0.08037134057713047
      },
      "visibility": {
        "cat": 0.7106496579624073,
        "n": 19,
        "standard": 0.8219521965216364
      }
    },
    "train_S_fs": [
      500.0
    ]
  },
  "enz_config": "configs/enz_model.yaml"
}