{
  "fit_figure": "Fig_2f",
  "visibility_col": "visibility_paper",
  "eta": 0.06918309709189363,
  "Vcl": 0.13770708662792522,
  "lambda_ent_inv_s": 0.0,
  "rmse_fitset": 0.02636526526502792,
  "baseline_rmse_all": 0.05735753184579138,
  "cat_rmse_all": 0.05735753184579138,
  "time_domain_single_operator_proxy": {
    "alpha_inv_s_median": 5368216297995.287,
    "beta_inv_s_median": 2527584891951.8276,
    "beta_over_alpha": 0.4708425949408432
  },
  "notes": {
    "V_model": "V(S)=Vcl(eta)*exp(-lambda_ent*|S|)",
    "baseline": "baseline uses lambda_ent=0 with same Vcl"
  }
}