figure_ref,rmse,n
Fig_2a,0.275743,1
Fig_2b,0.0245725,1
Fig_2f,0.0263653,27
