{
  "S_cal_fs": 499.999999999924,
  "gamma_fit_s_inv": 15018773466833.543,
  "lambda_ent_fit_s_inv": 15018773466833.543,
  "lambda0_s_inv": 4749999999999999.0,
  "rmse_cal_std": 0.8864432300116398,
  "rmse_cal_cat": 0.8864088432592945
}