k,t_s,dt_s,dtau,lambda_eff,g00,redshift_factor,phi,N_ent,lambda
0,0.0,0.1,0.0,0.0,-8.987551774855565e+16,299792457.7913121,0.0,1.0,0.0
1,0.1,0.1,0.0,0.0,-8.987551774855565e+16,299792457.7913121,0.0,1.0,0.0
2,0.2,0.1,0.0,0.0,-8.987551774855565e+16,299792457.7913121,0.0,1.0,0.0
3,0.30000000000000004,0.1,0.0,0.0,-8.987551774855565e+16,299792457.7913121,0.0,1.0,0.0
4,0.4,0.1,0.0,0.0,-8.987551774855565e+16,299792457.7913121,0.0,1.0,0.0
