{
  "figure": "Fig_2f",
  "S_cal_fs": 499.999999999924,
  "S_cal_target_fs": 500.0,
  "k_calibrated": 1.0000001685893696,
  "Vcl_used": 0.15979067349594156,
  "n_total": 26,
  "n_test": 24,
  "asym_MAE_test_k": 4.86493300176985e-06,
  "asym_MAE_test_k1": 4.876868318715265e-06,
  "improvement": 1.1935316945414595e-08,
  "pt_unbroken_fraction": 1.0,
  "eta_residual_median": 1.6610177318132093e-11,
  "eta_cond_median": 1.0018356890754807
}